ID,CODAREA,DISTRITO,RECNUM,MOR_DOM,RENDA,CB,ENERGIA,XCENTR,YCENTR
1,3550308999001,355030878,1,2.60670,1493.70,11.54036,205.47501,333551,7394890
2,3550308999002,355030866,2,2.14750,2147.74,12.99514,205.82095,332455,7394450
3,3550308999003,355030866,3,2.08593,2900.93,13.29164,260.38239,332189,7395200
4,3550308999004,355030866,4,2.44841,1643.90,11.92745,205.60198,332701,7395870
5,3550308999005,355030809,5,3.09116,2267.14,13.73739,323.63931,333149,7396670
6,3550308999006,355030809,6,3.21883,1872.27,12.97058,283.86620,332903,7397380
7,3550308999007,355030810,7,2.94478,1852.13,12.34014,245.86429,334769,7395410
8,3550308999008,355030814,8,3.04874,2599.30,14.74809,274.59873,335015,7392760
9,3550308999009,355030849,9,2.80515,2706.37,14.45870,261.53791,333970,7393250
10,3550308999010,355030849,10,2.88572,5442.36,17.32728,377.50651,333461,7392090
11,3550308999011,355030849,11,2.54299,3652.67,15.11711,281.36323,333356,7392740
12,3550308999012,355030849,12,2.35930,2267.74,13.66093,229.97309,332911,7393140
13,3550308999013,355030807,13,2.44698,2054.48,12.91066,213.09335,331796,7394090
14,3550308999014,355030807,14,2.36451,2134.99,13.12825,234.59299,332384,7393860
15,3550308999015,355030807,15,2.60706,5389.08,17.74152,374.08785,332197,7392990
16,3550308999016,355030807,16,2.24056,3867.50,15.60743,280.57661,331357,7393530
17,3550308999017,355030826,17,2.76975,8100.64,19.29274,512.29255,330896,7394970
18,3550308999018,355030826,18,2.23736,3547.92,15.46642,279.66607,331430,7395210
19,3550308999019,355030826,19,2.12512,3532.37,14.94892,257.89919,331342,7394400
20,3550308999020,355030826,20,2.88175,7959.75,19.24920,598.59275,330017,7394920
21,3550308999021,355030869,21,2.54287,2090.05,13.16332,225.36360,331925,7396390
22,3550308999022,355030869,22,2.23459,2223.48,13.71589,208.03372,331509,7395840
23,3550308999023,355030856,23,3.21665,1971.14,13.83202,262.92529,334872,7397190
24,3550308999024,355030808,24,3.20777,2630.80,13.95941,256.50262,336867,7396470
25,3550308999025,355030808,25,3.11072,2817.55,15.68984,295.87674,338075,7395390
26,3550308999026,355030853,26,2.99862,2567.98,15.29446,276.91264,337082,7394430
27,3550308999027,355030853,27,3.05467,3205.55,15.81111,336.94370,338004,7392680
28,3550308999028,355030853,28,3.05062,3764.12,16.79365,365.16653,337138,7392680
29,3550308999029,355030834,29,3.15544,3157.90,15.58830,319.46570,336086,7391310
30,3550308999030,355030890,30,2.73315,4159.17,16.71203,305.12633,333445,7391050
31,3550308999031,355030890,31,3.09458,4735.29,18.18124,373.32384,334226,7390500
32,3550308999032,355030890,32,2.87354,5427.87,18.28639,364.53570,332075,7390420
33,3550308999033,355030890,33,2.61536,4398.68,17.21776,323.51300,332710,7390680
34,3550308999034,355030890,34,2.68224,5987.88,18.72055,429.22391,331892,7391920
35,3550308999035,355030845,35,2.48513,7181.30,18.42036,446.28283,331038,7392520
36,3550308999036,355030845,36,2.44028,6930.66,18.67867,456.57373,329840,7393530
37,3550308999037,355030845,37,2.65739,8426.90,19.39691,608.36424,330397,7393000
38,3550308999038,355030845,38,2.37296,4641.00,17.14254,305.90742,329126,7393910
39,3550308999039,355030845,39,2.77427,7682.68,19.46950,609.32622,329729,7392110
40,3550308999040,355030860,40,2.88053,6503.64,18.94986,409.45802,329423,7396360
41,3550308999041,355030860,41,2.94152,7300.57,19.07369,483.96708,329457,7395330
42,3550308999042,355030869,42,2.64353,2591.80,14.66359,251.62242,331073,7397270
43,3550308999043,355030869,43,2.70265,5443.83,18.10872,450.40334,330813,7396120
44,3550308999044,355030806,44,2.78594,3268.34,15.48684,292.16216,329028,7397840
45,3550308999045,355030821,45,3.26306,3210.33,15.74703,295.18538,330553,7399170
46,3550308999046,355030821,46,3.29298,2200.87,13.82441,269.46148,330277,7399770
47,3550308999047,355030870,47,3.20353,2419.09,14.77604,279.52649,333720,7399180
48,3550308999048,355030886,48,3.29884,2442.54,14.13128,274.66369,335841,7398680
49,3550308999049,355030886,49,3.29261,2087.19,14.28928,275.40594,336469,7400200
50,3550308999050,355030889,50,3.20095,1991.78,13.61812,256.78083,337569,7398350
51,3550308999051,355030889,51,3.33371,1795.93,13.31759,258.92437,338123,7399600
52,3550308999052,355030889,52,3.31989,1533.51,12.85282,247.37318,338728,7399730
53,3550308999053,355030889,53,3.83035,1121.13,10.90493,163.04733,338410,7397520
54,3550308999054,355030889,54,3.63184,1564.63,11.99459,233.08199,340474,7398990
55,3550308999055,355030880,55,3.06257,3008.22,15.37849,287.88333,340721,7396780
56,3550308999056,355030880,56,2.93844,2953.42,15.51444,305.86857,339066,7396460
57,3550308999057,355030880,57,3.07181,4232.40,16.72204,341.46019,340650,7395020
58,3550308999058,355030880,58,3.08282,3625.95,16.42286,343.05146,339498,7394900
59,3550308999059,355030801,59,3.14935,2984.19,15.94486,322.80216,338857,7393910
60,3550308999060,355030801,60,3.12460,2337.08,14.39046,282.03454,338896,7392810
61,3550308999061,355030801,61,3.15280,2527.50,14.82542,283.53088,339747,7393350
62,3550308999062,355030885,62,3.33351,3870.64,16.17484,371.97882,341431,7393330
63,3550308999063,355030801,63,3.38757,1886.27,13.78371,258.55901,340668,7392800
64,3550308999064,355030801,64,3.25102,1888.27,13.72664,265.15658,339860,7391710
65,3550308999065,355030893,65,3.20015,2998.21,15.45493,316.69963,339446,7391010
66,3550308999066,355030893,66,3.40420,2150.10,12.50476,211.68119,338336,7390450
67,3550308999067,355030834,67,2.95058,2882.77,15.42852,276.13065,336607,7389820
68,3550308999068,355030834,68,3.12643,2847.08,15.47638,278.07151,335250,7390110
69,3550308999069,355030834,69,3.14911,2534.19,14.49688,269.49682,335755,7388810
70,3550308999070,355030827,70,3.39465,2729.16,15.35323,299.56898,335256,7387400
71,3550308999071,355030827,71,3.13444,3130.76,16.19292,306.54384,334769,7389030
72,3550308999072,355030827,72,3.31661,5555.81,17.46843,365.37904,334463,7387410
73,3550308999073,355030890,73,2.88809,4910.98,17.68444,324.47334,333396,7389640
74,3550308999074,355030877,74,2.91968,3817.18,16.29803,295.99455,333536,7388270
75,3550308999075,355030877,75,2.67668,4531.71,17.45248,323.93997,332255,7388910
76,3550308999076,355030877,76,2.85876,4029.16,17.37536,317.85610,332434,7388240
77,3550308999077,355030832,77,2.90971,8596.90,19.70681,593.37525,330817,7390370
78,3550308999078,355030835,78,2.46099,6717.19,18.19859,463.65587,328282,7390420
79,3550308999079,355030835,79,2.71346,7978.36,19.73784,508.83044,329291,7391350
80,3550308999080,355030862,80,2.43581,5314.77,17.06836,322.12548,327780,7393140
81,3550308999081,355030862,81,2.85738,7496.15,18.51293,623.23490,327757,7392170
82,3550308999082,355030862,82,2.73852,5396.35,17.69661,359.95141,327690,7394170
83,3550308999083,355030860,83,2.75913,6303.82,18.40619,360.57808,327979,7396100
84,3550308999084,355030860,84,2.88206,5245.79,17.99852,370.02907,328560,7396580
85,3550308999085,355030860,85,2.89688,6156.11,19.03585,394.49107,328555,7395240
86,3550308999086,355030860,86,2.77277,4257.65,17.50945,319.76244,327806,7395390
87,3550308999087,355030802,87,3.08020,6009.42,18.89991,450.05190,326468,7394800
88,3550308999088,355030860,88,2.83801,3829.18,16.20670,301.91826,327353,7396230
89,3550308999089,355030848,89,2.94009,3964.76,16.35616,317.45731,326679,7397370
90,3550308999090,355030848,90,2.98137,2543.64,14.88431,285.32375,325689,7398260
91,3550308999091,355030848,91,2.99043,4811.94,16.81683,359.28739,325671,7396720
92,3550308999092,355030850,92,3.43593,2088.08,13.93662,255.42692,328677,7399920
93,3550308999093,355030850,93,3.46942,1496.93,12.82998,241.25055,329349,7400450
94,3550308999094,355030850,94,3.58949,1635.30,12.94657,270.18325,329292,7401130
95,3550308999095,355030850,95,3.43871,1685.26,13.28202,265.19899,328613,7401360
96,3550308999096,355030821,96,3.53866,2572.00,14.34491,308.43629,331376,7400110
97,3550308999097,355030821,97,3.43488,1807.11,13.93505,265.21638,331167,7401100
98,3550308999098,355030821,98,3.56579,1506.47,12.82341,247.08079,330305,7401200
99,3550308999099,355030870,99,3.02039,3647.16,17.15219,321.39444,332958,7400160
100,3550308999100,355030870,100,3.01336,4938.82,17.70722,377.11808,333768,7400740
101,3550308999101,355030870,101,3.28974,3110.98,15.91928,326.24963,332722,7401170
102,3550308999102,355030870,102,3.09333,3944.51,16.57282,313.58020,334864,7401080
103,3550308999103,355030870,103,3.17244,3974.06,17.19534,370.42502,334375,7402010
104,3550308999104,355030882,104,3.28307,2283.53,14.42677,277.32668,336481,7401810
105,3550308999105,355030892,105,3.48162,1653.44,13.29681,262.64577,337345,7401000
106,3550308999106,355030892,106,3.40821,1532.36,12.67787,253.25329,338734,7401350
107,3550308999107,355030892,107,3.37716,1746.63,13.51260,253.06840,338009,7401940
108,3550308999108,355030892,108,3.69206,1483.88,12.88585,256.21126,340139,7400970
109,3550308999109,355030892,109,3.56097,1122.48,11.45259,242.81250,339489,7402000
110,3550308999110,355030892,110,3.53443,1279.18,12.09777,247.38549,339065,7402730
111,3550308999111,355030839,111,3.70243,1634.68,13.27997,252.50791,340372,7402610
112,3550308999112,355030859,112,3.28601,1815.47,13.16144,249.89876,341911,7398090
113,3550308999113,355030818,113,3.49402,1863.26,13.89614,264.18354,344254,7399260
114,3550308999114,355030818,114,3.72005,1277.26,12.11200,237.32824,344253,7400300
115,3550308999115,355030818,115,3.37195,1618.82,13.12041,264.19419,343154,7399380
116,3550308999116,355030859,116,3.22502,2170.58,14.37673,263.07880,343721,7398310
117,3550308999117,355030859,117,3.23074,2079.31,14.16047,260.76700,343331,7397320
118,3550308999118,355030891,118,3.25737,2127.47,14.29498,281.13536,344344,7396330
119,3550308999119,355030891,119,3.45806,1623.49,13.15413,257.89409,345478,7395040
120,3550308999120,355030891,120,3.39708,1820.15,13.70522,270.92248,343632,7395760
121,3550308999121,355030820,121,3.37820,2014.34,14.15343,276.94164,342219,7395610
122,3550308999122,355030820,122,3.23634,2678.13,15.48006,300.99702,341920,7394830
123,3550308999123,355030820,123,3.40655,1931.10,14.16542,260.50806,344236,7394010
124,3550308999124,355030820,124,3.40992,2338.92,14.16964,284.99773,343469,7394530
125,3550308999125,355030885,125,3.31087,1664.70,13.50296,263.13864,342447,7392130
126,3550308999126,355030885,126,3.30214,1890.39,13.66534,257.94641,342918,7392940
127,3550308999127,355030885,127,3.56322,1368.25,12.27292,245.94061,343786,7391460
128,3550308999128,355030872,128,3.41787,1725.71,13.57705,258.24685,341968,7391270
129,3550308999129,355030872,129,3.37883,1915.29,14.18637,264.26218,343085,7390630
130,3550308999130,355030872,130,3.36292,1730.59,13.41543,266.11363,341428,7390400
131,3550308999131,355030893,131,3.20642,2084.64,14.36660,264.29939,339008,7389850
132,3550308999132,355030893,132,3.26339,1587.88,12.93435,248.37813,340768,7389160
133,3550308999133,355030893,133,3.24673,1692.47,13.12437,250.76826,340021,7389200
134,3550308999135,355030868,135,3.20787,2393.03,15.08785,283.96535,336318,7387470
135,3550308999137,355030868,137,3.19003,1625.03,13.00801,234.42042,337334,7386830
136,3550308999139,355030868,139,3.34422,1972.10,14.00553,254.27432,338213,7385970
137,3550308999140,355030868,140,3.45903,1684.10,13.22388,254.64044,336158,7385120
138,3550308999141,355030868,141,3.47233,1554.87,12.77918,249.84552,335976,7383280
139,3550308999142,355030868,142,3.41500,1988.21,14.04002,254.72303,337228,7383970
140,3550308999143,355030827,143,3.46369,1683.64,13.06608,250.18953,334483,7383800
141,3550308999144,355030827,144,3.57832,1611.24,13.00155,240.09217,335469,7385560
142,3550308999145,355030877,145,2.91152,3390.87,16.23154,306.78748,333430,7387310
143,3550308999146,355030877,146,3.02527,3837.47,16.57498,297.76205,333016,7386330
144,3550308999147,355030838,147,3.12088,2938.23,15.52089,284.48986,333257,7384680
145,3550308999148,355030877,148,3.21760,4257.96,17.86536,390.67358,331781,7387090
146,3550308999149,355030838,149,3.14631,2582.29,15.32794,291.97374,332069,7384660
147,3550308999150,355030838,150,3.30491,2419.94,14.48103,279.99163,331816,7383850
148,3550308999151,355030815,151,3.24510,4093.16,17.17362,324.21100,330673,7385170
149,3550308999152,355030838,152,2.90889,4834.14,18.03380,350.13263,329954,7383680
150,3550308999153,355030838,153,3.53825,1742.36,12.09370,217.85528,330726,7384230
151,3550308999154,355030838,154,3.51262,1934.16,13.50218,248.12434,331319,7383090
152,3550308999155,355030832,155,2.66226,7399.12,19.10772,463.43052,330600,7389010
153,3550308999156,355030832,156,2.69862,7611.37,19.75474,429.09516,330603,7388020
154,3550308999157,355030832,157,2.47740,6801.31,18.59267,373.57924,329919,7388610
155,3550308999158,355030832,158,2.73460,6678.87,19.25278,418.76878,329736,7388220
156,3550308999159,355030815,159,3.00509,5397.42,17.69476,373.33604,329664,7386780
157,3550308999160,355030815,160,3.00531,6227.09,18.84441,463.84745,329090,7385970
158,3550308999161,355030835,161,2.64419,5265.26,17.80126,343.67668,328924,7389670
159,3550308999162,355030835,162,2.87177,4262.17,17.33762,362.82943,327539,7388140
160,3550308999163,355030835,163,2.98514,5562.79,18.45449,384.88708,327887,7387930
161,3550308999164,355030854,164,3.63391,11196.85,19.44725,907.62821,326059,7389350
162,3550308999165,355030854,165,3.52468,7845.93,19.67877,679.78047,325017,7389360
163,3550308999166,355030812,166,3.09543,4389.08,17.52462,371.59827,323927,7392110
164,3550308999167,355030802,167,3.26438,7516.41,19.32177,558.85908,325052,7395100
165,3550308999168,355030888,168,3.21820,3724.53,15.90314,352.76765,323253,7396760
166,3550308999169,355030841,169,3.55832,1378.51,11.66782,211.91836,321443,7395450
167,3550308999170,355030841,170,3.28912,3017.09,15.79257,310.50065,321125,7394630
168,3550308999171,355030840,171,3.42829,1714.53,13.61665,268.48336,320987,7399310
169,3550308999172,355030895,172,3.33832,1859.69,13.67835,265.47055,321944,7400770
170,3550308999175,355030863,175,3.22394,2510.07,15.08719,289.38459,323868,7400470
171,3550308999176,355030863,176,3.30555,1844.35,13.51692,258.91185,324980,7400590
172,3550308999177,355030863,177,3.40989,1941.66,13.56754,259.00583,321345,7402370
173,3550308999178,355030863,178,3.42837,1965.55,14.56527,288.24384,323332,7402850
174,3550308999179,355030863,179,3.56100,1341.79,12.12742,248.57742,324366,7403430
175,3550308999180,355030863,180,3.75030,1068.57,11.67133,225.59962,324778,7403350
176,3550308999181,355030863,181,3.39714,1407.05,12.64181,239.21458,325106,7402150
177,3550308999182,355030829,182,3.44928,2064.72,14.16829,288.93153,327168,7400310
178,3550308999183,355030829,183,3.32551,2487.60,14.86667,295.09564,326206,7400560
179,3550308999184,355030829,184,3.32504,2217.99,14.87966,299.33794,327043,7400970
180,3550308999185,355030829,185,3.56562,1334.48,12.60481,257.07936,327896,7402180
181,3550308999186,355030829,186,3.60004,1391.77,12.23531,237.14837,325677,7403530
182,3550308999187,355030829,187,3.35314,1667.26,13.29997,256.03901,326037,7401800
183,3550308999188,355030829,188,3.52643,1486.53,13.18448,252.01538,326509,7402610
184,3550308999189,355030811,189,3.47594,1562.82,12.68390,253.36395,327318,7403000
185,3550308999190,355030811,190,3.54107,1208.71,11.92360,248.45182,328535,7402850
186,3550308999191,355030811,191,3.64983,1228.70,12.19503,249.64994,328852,7403780
187,3550308999192,355030811,192,3.85385,691.71,9.91498,219.03887,325811,7405310
188,3550308999194,355030811,194,3.78792,994.61,11.06229,225.85404,327871,7403980
189,3550308999195,355030811,195,3.78443,908.97,10.12932,228.25917,327062,7404720
190,3550308999197,355030813,197,3.36537,1722.28,13.58077,260.69095,330638,7403210
191,3550308999198,355030813,198,3.59309,1479.50,12.47318,261.66817,330399,7403790
192,3550308999200,355030813,200,3.81418,907.59,10.49840,226.48514,329686,7404730
193,3550308999201,355030813,201,3.87530,978.48,10.77870,212.17824,329878,7406540
194,3550308999202,355030851,202,3.43241,2126.78,13.70454,267.11373,331861,7401970
195,3550308999203,355030851,203,3.44170,3331.33,16.05767,296.38369,332734,7402270
196,3550308999204,355030851,204,3.41930,2673.84,15.17869,292.73282,333854,7402810
197,3550308999205,355030851,205,3.31034,2925.96,15.84940,279.78543,332363,7405970
198,3550308999206,355030851,206,3.50677,1601.06,12.78061,244.90393,331930,7403110
199,3550308999207,355030882,207,3.40494,3480.97,16.83036,340.05423,334865,7403570
200,3550308999208,355030881,208,3.38562,3451.91,16.50753,336.84924,334164,7405150
201,3550308999209,355030881,209,3.62333,2843.16,14.38912,297.17724,335683,7404910
202,3550308999210,355030881,210,3.72324,2689.26,12.11444,249.99136,335651,7406230
203,3550308999211,355030882,211,3.28670,2227.85,14.56089,261.09863,336338,7403430
204,3550308999212,355030882,212,3.31513,1983.37,14.22639,278.61824,336961,7402960
205,3550308999213,355030882,213,3.37317,1867.71,14.00876,271.93058,337350,7402660
206,3550308999214,355030839,214,3.31273,2110.55,14.88318,271.87060,337999,7403870
207,3550308999215,355030839,215,3.68456,1493.93,12.51487,241.46914,339321,7404110
208,3550308999216,355030881,216,3.57389,2162.34,15.14523,293.81436,337337,7404590
209,3550308999217,355030881,217,3.56674,1644.04,13.39805,255.25840,337102,7405790
210,3550308999218,355030881,218,3.88682,914.36,10.60102,181.57386,338441,7405970
211,3550308999219,355030839,219,3.98969,960.57,10.88109,210.86576,339416,7406110
212,3550308999222,355030818,222,3.75253,1254.36,12.30355,240.12484,345915,7399380
213,3550308999223,355030828,223,3.73076,878.76,10.57040,192.50912,348253,7401590
214,3550308999224,355030828,224,3.62392,1319.40,12.26795,248.62733,347372,7400850
215,3550308999225,355030864,225,3.53255,1632.94,13.09785,270.11726,347516,7399230
216,3550308999226,355030864,226,3.40240,1683.98,13.53504,265.69673,345865,7398980
217,3550308999227,355030864,227,3.52779,1608.84,13.12498,273.98879,346706,7398340
218,3550308999228,355030864,228,3.61289,1327.84,12.24376,241.67947,348619,7399050
219,3550308999229,355030864,229,3.60630,1397.70,12.39362,258.66339,348175,7398020
220,3550308999230,355030859,230,3.27984,1939.68,14.20186,268.94234,344906,7397900
221,3550308999231,355030859,231,3.42202,1760.17,13.53988,261.89701,346501,7397610
222,3550308999232,355030805,232,3.51751,1488.64,12.95725,260.02488,348724,7397040
223,3550308999233,355030805,233,3.57269,1358.85,12.55383,254.24365,348741,7396430
224,3550308999234,355030891,234,3.42091,1749.54,13.65070,254.91807,345730,7396700
225,3550308999235,355030891,235,3.57091,1532.10,13.08267,263.61275,346572,7395990
226,3550308999236,355030805,236,3.39209,1533.61,13.24581,228.66781,348426,7395050
227,3550308999237,355030805,237,3.66300,1226.99,11.93054,242.52290,347544,7395490
228,3550308999238,355030824,238,3.84621,1228.89,12.02875,227.39295,346821,7394250
229,3550308999239,355030824,239,3.61209,1337.08,12.43553,237.93492,347757,7393930
230,3550308999240,355030824,240,3.70343,2072.92,13.93083,260.34875,345865,7394080
231,3550308999241,355030804,241,3.54177,1821.08,13.33546,275.17694,345250,7392410
232,3550308999242,355030804,242,3.50190,1887.09,14.09903,263.97842,345823,7392970
233,3550308999243,355030804,243,3.76844,1805.83,13.66576,271.61981,344813,7392660
234,3550308999244,355030824,244,3.78748,1366.76,12.44616,241.12113,347218,7393190
235,3550308999245,355030824,245,3.73035,1156.98,12.02948,229.08487,347748,7392250
236,3550308999246,355030804,246,3.59238,1346.85,12.68212,267.05063,344580,7391580
237,3550308999247,355030804,247,3.67860,1236.03,12.39430,263.24895,346166,7390920
238,3550308999248,355030873,248,3.61779,1372.88,12.38813,256.68249,347035,7390540
239,3550308999249,355030873,249,3.69411,1279.86,12.49239,254.86542,347857,7389960
240,3550308999250,355030876,250,3.58645,1188.84,12.10174,235.79327,344342,7390460
241,3550308999251,355030876,251,3.47168,1421.32,12.70146,260.04151,344004,7389750
242,3550308999252,355030876,252,3.53960,1151.97,12.43931,255.80537,345163,7389340
243,3550308999253,355030876,253,3.82083,978.98,11.25624,227.37898,345555,7390110
244,3550308999254,355030876,254,3.63212,1147.08,12.21525,237.68933,346269,7389290
245,3550308999255,355030876,255,3.71778,880.13,11.45268,210.68924,346787,7388950
246,3550308999256,355030872,256,3.34548,1676.52,13.36119,240.90434,342923,7389240
247,3550308999257,355030872,257,3.51197,1532.88,12.84287,236.03207,342853,7388500
248,3550308999258,355030872,258,3.42643,1421.40,12.58126,232.99745,344233,7388050
249,3550308999259,355030876,259,3.52451,1417.94,12.96139,250.16991,345473,7388460
250,3550308999260,355030876,260,3.71277,932.20,11.13965,202.24734,345224,7388050
251,3550308999261,355030876,261,3.75231,1133.63,11.86175,213.78658,346003,7387080
252,3550308999263,355030838,263,3.47028,1688.76,13.16601,249.94832,333094,7382200
253,3550308999264,355030838,264,3.78218,1062.04,11.20024,207.24268,332764,7381480
254,3550308999265,355030822,265,3.61310,1099.20,11.49222,226.85972,331880,7381090
255,3550308999266,355030822,266,3.79872,775.96,10.08006,198.75208,331573,7380440
256,3550308999267,355030822,267,3.76998,1073.27,10.94035,209.66582,332735,7379570
257,3550308999268,355030822,268,3.64763,1027.93,11.12724,218.51915,333024,7380750
258,3550308999269,355030822,269,3.73469,1083.02,11.20707,213.68369,330153,7379990
259,3550308999270,355030822,270,3.85433,849.28,10.23663,202.53785,331287,7379530
260,3550308999272,355030822,272,3.45308,2004.28,14.18654,255.79782,329584,7381890
261,3550308999274,355030816,274,3.48968,2295.08,14.42368,249.86121,329164,7380070
262,3550308999275,355030816,275,3.24387,3099.47,15.70862,297.59293,327793,7380110
263,3550308999276,355030816,276,3.26754,6241.41,19.51487,400.86957,328084,7382540
264,3550308999277,355030816,277,3.34049,3211.06,15.91484,301.16493,328304,7381260
265,3550308999278,355030871,278,3.25837,7676.10,19.02762,553.72383,327325,7383880
266,3550308999279,355030871,279,3.13398,2927.81,16.12600,282.77229,325364,7384170
267,3550308999280,355030871,280,3.05656,6317.75,18.61563,404.81423,326217,7385280
268,3550308999281,355030883,281,3.77048,2225.38,10.88275,361.26067,324481,7386750
269,3550308999282,355030883,282,3.30224,5143.67,15.98221,428.16312,323942,7385900
270,3550308999283,355030883,283,3.29745,5373.03,17.21519,448.77641,322609,7386180
271,3550308999284,355030894,284,3.50277,4977.61,16.61536,422.70991,323001,7388160
272,3550308999285,355030894,285,3.34841,4037.79,16.57199,336.42380,322831,7389380
273,3550308999286,355030894,286,3.32728,3196.98,15.31806,290.95160,322020,7388200
274,3550308999287,355030812,287,3.24458,3513.53,16.38196,309.43329,322549,7391210
275,3550308999288,355030894,288,3.68252,2054.11,13.80110,303.44655,321456,7389530
276,3550308999289,355030867,289,3.45339,2663.43,15.06941,270.89260,320181,7391300
277,3550308999290,355030867,290,3.62105,1864.67,12.59176,236.15574,321152,7391530
278,3550308999291,355030867,291,3.57545,2400.24,13.68161,239.52747,321926,7392520
279,3550308999292,355030867,292,3.79991,2106.17,12.97366,295.94471,319141,7391740
280,3550308999293,355030867,293,3.46954,2915.09,14.70399,291.03081,320495,7393180
281,3550308999294,355030842,294,3.70468,1158.25,12.11070,239.21209,320518,7405620
282,3550308999295,355030842,295,3.94342,843.37,11.07101,188.56928,322787,7407460
283,3550308999296,355030842,296,3.73448,1314.64,12.25425,239.62892,323372,7406230
284,3550308999297,355030842,297,3.78580,1048.67,11.33102,212.71665,324691,7407110
285,3550308999298,355030811,298,3.89167,905.55,10.85091,230.84752,328563,7405000
286,3550308999301,355030881,301,3.84282,1065.76,10.87884,223.33595,338074,7410490
287,3550308999302,355030828,302,3.55909,1481.61,12.52017,253.68913,348769,7400060
288,3550308999303,355030828,303,3.64001,1299.57,12.04880,235.00817,349597,7400890
289,3550308999304,355030887,304,3.82128,1080.84,11.29403,211.64069,350573,7400010
290,3550308999306,355030887,306,3.95014,531.73,8.51531,149.46769,350833,7401840
291,3550308999307,355030887,307,3.75037,988.57,10.76654,233.07139,350897,7399170
292,3550308999308,355030887,308,3.78717,1260.32,12.23257,239.84671,349735,7398890
293,3550308999309,355030887,309,3.56277,1539.54,12.42938,261.84423,351719,7399960
294,3550308999310,355030887,310,3.76780,912.41,10.80824,224.32368,351732,7399180
295,3550308999311,355030874,311,3.57203,1335.26,12.03418,254.61538,352227,7400710
296,3550308999312,355030874,312,3.43417,1485.49,12.03521,240.84545,353247,7401360
297,3550308999313,355030874,313,3.71646,1166.37,12.04410,244.58368,353849,7399960
298,3550308999314,355030837,314,3.77808,1409.06,12.70140,240.65077,350171,7397260
299,3550308999315,355030837,315,4.03770,864.90,10.54139,215.99177,351038,7397490
300,3550308999316,355030837,316,3.70259,1279.64,12.00551,246.55087,350492,7396350
301,3550308999317,355030837,317,4.05482,1092.69,11.34186,243.12966,350296,7397990
302,3550308999318,355030837,318,3.67604,1118.91,11.63918,234.44727,351872,7397940
303,3550308999319,355030874,319,3.71742,1100.96,11.57437,226.25035,353300,7398690
304,3550308999320,355030874,320,3.79657,903.42,10.89931,223.44206,353501,7398060
305,3550308999321,355030837,321,3.61656,1195.38,11.93101,240.04513,352646,7396740
306,3550308999322,355030837,322,3.66121,1190.96,11.99893,240.08198,353258,7396410
307,3550308999323,355030837,323,3.65796,1398.19,12.36105,251.41523,351034,7395260
308,3550308999324,355030824,324,3.73304,1322.76,12.32375,247.48771,349832,7394200
309,3550308999325,355030857,325,3.76710,1414.74,12.49021,255.54295,349272,7392470
310,3550308999326,355030857,326,3.72276,1364.38,12.31421,234.83261,350730,7394040
311,3550308999327,355030857,327,3.85373,904.42,11.26858,229.77288,350956,7390730
312,3550308999328,355030873,328,3.67787,1220.12,12.02465,238.10731,349165,7390400
313,3550308999329,355030873,329,3.66821,1091.39,11.90957,230.35337,349169,7387870
314,3550308999330,355030873,330,3.80875,1081.70,11.83842,231.78928,348209,7389070
315,3550308999331,355030873,331,3.61009,1508.29,13.23116,249.21262,350856,7388470
316,3550308999332,355030876,332,3.82215,1074.05,11.62327,225.82038,347184,7387140
317,3550308999333,355030876,333,3.84366,904.80,10.80161,193.42279,348248,7387030
318,3550308999334,355030875,334,3.79507,852.90,10.49801,207.90894,351577,7387390
319,3550308999335,355030875,335,3.60971,1110.87,11.77105,231.41846,350044,7386710
320,3550308999336,355030875,336,3.52240,1223.71,12.67995,239.22373,349795,7385690
321,3550308999337,355030858,337,3.75027,1064.43,11.80063,239.30106,332625,7376890
322,3550308999339,355030858,339,3.81027,831.94,10.82436,190.03638,333946,7377350
323,3550308999340,355030858,340,3.54674,1342.19,12.38595,216.88507,329605,7378600
324,3550308999342,355030823,342,3.61065,1268.17,12.03381,208.02067,328450,7376460
325,3550308999343,355030823,343,3.74537,945.62,11.00722,213.85747,328766,7375890
326,3550308999344,355030823,344,3.74739,1404.52,12.95842,247.50633,328221,7374780
327,3550308999345,355030823,345,3.78117,1721.92,13.12761,229.77980,327253,7377380
328,3550308999346,355030823,346,3.63813,1594.32,13.03564,265.66106,326784,7375870
329,3550308999347,355030879,347,3.26081,2100.74,14.08826,262.82321,325069,7380700
330,3550308999348,355030879,348,3.49992,3187.23,16.33741,355.80130,325758,7378970
331,3550308999350,355030846,350,3.72713,889.45,10.94208,179.26519,321961,7380050
332,3550308999351,355030846,351,3.58936,1193.36,11.77713,224.57749,323110,7380600
333,3550308999352,355030846,352,3.68469,1197.09,11.48790,248.41064,322292,7378420
334,3550308999356,355030846,356,3.51207,1241.15,11.53411,225.48727,322819,7382480
335,3550308999357,355030846,357,3.62318,1124.06,10.93863,209.79979,323519,7382670
336,3550308999359,355030843,359,3.61125,1072.58,11.41847,213.59831,321149,7380000
337,3550308999360,355030843,360,3.81623,950.57,10.68465,218.81134,320322,7378950
338,3550308999361,355030846,361,3.71363,1324.86,12.00661,192.00877,321655,7383300
339,3550308999363,355030846,363,3.73514,897.04,10.78914,168.40612,321079,7382440
340,3550308999364,355030819,364,3.53995,1989.76,13.74516,254.76913,320507,7382810
341,3550308999367,355030817,367,3.64208,1036.25,11.24407,210.95517,321378,7384880
342,3550308999369,355030817,369,3.64243,1634.95,12.27079,232.20996,321029,7386390
343,3550308999370,355030817,370,3.61695,1609.72,12.86562,256.65201,319680,7385730
344,3550308999371,355030817,371,3.69783,1310.54,12.15260,217.21020,320368,7384920
345,3550308999372,355030817,372,3.75302,1010.94,10.88140,219.01961,318028,7384170
346,3550308999373,355030817,373,3.72264,1276.52,11.69362,233.79712,319217,7384520
347,3550308999374,355030817,374,3.58371,1165.71,11.91979,211.69535,319221,7383750
348,3550308999375,355030865,375,3.59369,1603.25,12.92325,245.08472,319064,7389350
349,3550308999376,355030865,376,3.74567,1367.75,11.81495,258.57248,316491,7388670
350,3550308999377,355030865,377,3.77399,1365.70,11.76263,239.17260,317570,7389690
351,3550308999378,355030865,378,3.57365,1300.96,11.98805,235.63747,316951,7390730
352,3550308999379,355030803,379,3.78488,952.92,11.03255,211.17246,316658,7408470
353,3550308999380,355030861,380,3.71924,1140.13,11.54505,221.77183,319391,7410440
354,3550308999381,355030861,381,3.70682,1040.02,11.36483,201.40054,322764,7410690
355,3550308999382,355030861,382,3.65204,1010.23,11.19429,208.59082,321958,7410140
356,3550308999383,355030861,383,4.00690,637.90,9.20624,140.97653,321037,7408890
357,3550308999384,355030844,384,3.73285,1016.11,11.36635,242.10173,355390,7403090
358,3550308999385,355030844,385,3.86496,728.36,9.98822,217.58242,356329,7402180
359,3550308999386,355030844,386,3.73034,932.77,10.78229,234.12983,354904,7402000
360,3550308999387,355030844,387,3.70130,941.07,10.50020,223.56922,353708,7402580
361,3550308999388,355030844,388,3.87559,708.40,9.94870,206.34192,358064,7402470
362,3550308999389,355030884,389,3.61432,1332.90,12.14991,257.47420,354232,7400340
363,3550308999390,355030884,390,3.65712,971.34,11.06876,228.05241,355903,7400630
364,3550308999391,355030884,391,3.80703,788.88,10.35916,218.88304,356212,7399550
365,3550308999392,355030836,392,3.69004,1203.56,11.67638,242.38197,356974,7400070
366,3550308999393,355030836,393,3.74886,1052.34,10.90389,236.87900,357824,7399660
367,3550308999394,355030836,394,3.91658,858.60,10.84900,211.66638,358711,7401380
368,3550308999395,355030836,395,3.91000,800.86,10.62046,200.75379,359652,7400930
369,3550308999396,355030836,396,3.80831,808.54,10.42384,210.57191,358626,7400070
370,3550308999397,355030884,397,3.82633,832.31,10.58026,214.22830,355573,7398480
371,3550308999398,355030884,398,3.91356,650.24,9.96799,188.93432,356888,7397860
372,3550308999399,355030884,399,3.83467,1020.57,11.19329,216.62354,354510,7398500
373,3550308999400,355030836,400,3.94714,719.67,10.10436,202.95049,358926,7398930
374,3550308999401,355030836,401,3.89914,695.43,10.10610,184.79348,360025,7399810
375,3550308999402,355030836,402,3.90029,766.88,10.37860,206.72535,357426,7398530
376,3550308999403,355030896,403,3.84905,809.98,10.39443,209.37392,354740,7397320
377,3550308999404,355030896,404,3.86479,727.87,9.91551,192.56313,354616,7396890
378,3550308999405,355030896,405,3.83619,803.27,10.43392,212.94574,355984,7396850
379,3550308999406,355030896,406,4.06014,644.80,9.43035,134.39591,357663,7397500
380,3550308999407,355030896,407,3.81781,1016.39,10.65186,225.78724,356945,7396350
381,3550308999408,355030896,408,3.92540,681.17,9.91282,203.77113,357775,7395350
382,3550308999409,355030847,409,3.71985,1297.09,12.62243,235.61589,353666,7395950
383,3550308999410,355030847,410,3.84864,1178.50,11.98234,232.28845,354093,7394680
384,3550308999411,355030847,411,3.59955,1445.14,13.15794,220.60678,353035,7394790
385,3550308999412,355030831,412,3.75172,938.17,10.86844,208.84183,356442,7394590
386,3550308999413,355030831,413,3.85462,1073.04,11.08683,224.48748,354918,7394320
387,3550308999414,355030831,414,3.91946,895.33,10.56701,211.72649,356053,7393700
388,3550308999415,355030831,415,3.90321,864.90,10.77948,191.44179,358119,7393400
389,3550308999416,355030847,416,3.79240,980.83,10.46558,217.37462,354188,7391500
390,3550308999417,355030825,417,3.83726,701.57,10.51248,185.81849,355827,7392450
391,3550308999418,355030825,418,3.91649,991.38,11.55227,211.16256,356914,7392410
392,3550308999419,355030825,419,3.88128,742.76,10.56930,198.61911,357408,7391610
393,3550308999420,355030825,420,3.94106,688.21,9.37069,170.07732,358679,7391120
394,3550308999421,355030825,421,3.87572,824.33,10.67186,187.27940,356935,7390520
395,3550308999422,355030825,422,3.76969,893.57,11.40260,184.62170,356976,7388910
396,3550308999423,355030825,423,3.67057,836.19,11.41088,180.04475,355786,7390290
397,3550308999424,355030833,424,3.91512,822.78,10.53527,206.46393,352036,7389010
398,3550308999425,355030833,425,3.82103,944.20,11.20922,213.35068,353275,7388790
399,3550308999426,355030833,426,4.03403,671.78,9.87897,181.57123,355355,7388160
400,3550308999427,355030875,427,3.96990,675.53,10.18087,170.38572,351604,7385560
401,3550308999428,355030875,428,3.89997,759.88,10.27815,203.54484,353053,7385640
402,3550308999429,355030830,429,3.88384,740.94,10.17832,209.30937,330312,7373390
403,3550308999430,355030830,430,3.87888,787.64,11.27759,224.21690,329233,7372370
404,3550308999431,355030830,431,3.78483,957.80,11.09892,219.55373,328381,7371320
405,3550308999432,355030830,432,3.95182,666.36,9.79646,220.09235,329350,7366650
406,3550308999433,355030830,433,3.80463,802.32,10.62464,215.88938,327825,7369690
407,3550308999434,355030830,434,3.79074,1077.29,11.32403,218.11600,328165,7373460
408,3550308999435,355030830,435,3.78676,941.69,11.21132,215.27469,327132,7372210
409,3550308999436,355030830,436,3.93246,780.98,10.87065,197.77291,326473,7371390
410,3550308999437,355030830,437,3.97042,755.15,10.35981,206.20499,326424,7370100
411,3550308999441,355030843,441,3.83828,786.87,10.35454,206.75852,320269,7374820
412,3550308999442,355030843,442,3.87872,626.04,9.11281,189.28808,318665,7373780
413,3550308999443,355030843,443,3.78200,765.40,10.32054,187.03779,317401,7374610
414,3550308999444,355030843,444,3.74488,716.36,9.90463,207.25458,319361,7378000
415,3550308999445,355030843,445,3.81655,904.26,10.45537,208.50509,318487,7376190
416,3550308999447,355030843,447,3.75471,791.24,10.27711,192.01357,317518,7378200
417,3550308999452,355030819,452,3.59901,905.36,10.94958,153.88423,318876,7382620
418,3550308999454,355030819,454,3.84822,1080.89,11.16358,196.66596,317103,7380930
419,3550308999455,355030852,455,4.01154,560.66,9.40097,222.05440,324404,7350230
420,3550308999456,355030855,456,3.93163,894.27,10.20747,212.56547,324558,7363270
421,3550308999338,355030858,338,3.84674,797.58,10.34913,189.98360,332972,7378240
422,3550308999341,355030858,341,3.89445,1044.50,11.50299,212.99538,331347,7378750
423,3550308999174,355030895,174,3.70367,1251.44,11.84471,236.65043,320618,7401990
424,3550308999173,355030895,173,3.42016,2727.25,14.97260,313.27306,322450,7399900
425,3550308999138,355030868,138,3.76320,855.87,10.43616,76.05906,337506,7387810
426,3550308999134,355030834,134,3.37990,991.64,10.73357,205.38497,337593,7388910
427,3550308999136,355030868,136,3.43110,1527.67,12.18964,194.75569,337030,7388080
428,3550308999453,355030819,453,3.83354,901.83,10.50915,197.11365,317684,7382090
429,3550308999451,355030819,451,3.63687,854.57,10.48995,201.70680,317823,7382980
430,3550308999450,355030819,450,3.81353,893.54,10.97597,192.99500,317202,7379490
431,3550308999448,355030819,448,3.70307,1016.13,11.36688,198.84699,318715,7381590
432,3550308999449,355030819,449,3.71496,969.06,11.15892,183.97918,318331,7380230
433,3550308999199,355030813,199,3.59885,1905.34,13.01145,244.22357,331412,7404230
434,3550308999196,355030813,196,3.67416,1839.37,12.86444,266.53018,330196,7402630
435,3550308999446,355030843,446,3.81367,869.86,10.36440,171.08199,318766,7379320
436,3550308999368,355030817,368,3.62555,1994.50,13.18960,256.08337,320322,7383620
437,3550308999300,355030811,300,3.91999,750.96,10.20587,217.98625,327339,7405290
438,3550308999299,355030811,299,3.80321,838.29,10.47818,201.36283,327919,7407300
439,3550308999193,355030811,193,3.80861,1117.33,11.06826,210.92063,326947,7404000
440,3550308999220,355030818,220,3.71953,1332.78,12.04804,238.97261,345882,7400240
441,3550308999221,355030818,221,3.57486,1507.76,12.68821,226.31049,346787,7400620
442,3550308999305,355030887,305,3.85014,970.40,10.90789,202.70382,350569,7401230
443,3550308999271,355030822,271,3.43554,3683.64,16.68367,323.45649,329589,7382870
444,3550308999273,355030822,273,3.58247,1964.52,14.12594,266.71747,330667,7381390
445,3550308999262,355030838,262,3.58155,1601.77,12.34388,248.87507,331524,7382380
446,3550308999362,355030846,362,3.38262,1632.99,12.64312,244.06326,322515,7383720
447,3550308999354,355030846,354,3.55913,1160.08,11.95539,213.69546,321341,7381110
448,3550308999355,355030846,355,3.54639,1153.57,11.59068,214.17968,322736,7381730
449,3550308999366,355030819,366,3.70528,996.45,11.30526,204.73657,319603,7380760
450,3550308999353,355030846,353,3.66160,898.88,10.90785,188.42279,321141,7381710
451,3550308999365,355030819,365,3.59523,1490.19,12.49399,234.21364,320061,7381730
452,3550308999358,355030843,358,3.59193,970.90,10.84510,208.02560,320330,7380230
453,3550308999438,355030823,438,3.66145,1623.21,12.74224,215.93268,326872,7374670
454,3550308999440,355030823,440,3.71478,1098.40,11.86628,210.19005,325028,7372270
455,3550308999349,355030823,349,3.73002,2039.65,13.71641,287.62702,325453,7374500
456,3550308999439,355030823,439,3.80360,1128.30,11.39768,204.99874,326073,7374020
